Name/Title,Profile URL,Snippet
"Robert Half hiring Photographer in Louisville, KY",https://www.linkedin.com/jobs/view/photographer-at-robert-half-4266547954,"Jul 14, 2025вЂ”A leading e-commerce company is seeking a freelance Photographer to join its high-volume digital studio in Louisville, KY."
"Horizontal Talent hiring Photographer in Louisville, KY",https://www.linkedin.com/jobs/view/photographer-at-horizontal-talent-4264485327,Qualifications: 2 year or 4 year degree in photography and/or related field; 0-3 years of digital studio product photography experience; A strong onlineВ ...
"Aquent hiring Photographer in Louisville, KY",https://www.linkedin.com/jobs/view/photographer-at-aquent-4266543633,"We're seeking a Freelance Photographer to join a dynamic studio environment specializing in high-volume, product-focused photography. Your expertise willВ ..."
"Robert Half hiring Photographer I in Louisville, KY",https://www.linkedin.com/jobs/view/photographer-i-at-robert-half-4267246692,"Jul 14, 2025вЂ”A leading e-commerce company is seeking a freelance Photographer to join its high-volume digital studio in Louisville, KY."
"Bella Baby Photography hiring Photographer in Knoxville, TN",https://www.linkedin.com/jobs/view/photographer-at-bella-baby-photography-3966493806,"Bella Baby Photography is looking to hire talented photographers who are passionate about their craft, eager to learn new skills, and who are ready toВ ..."
"Lensa hiring Photographer- Photo Studio in Bentonville, AR",https://www.linkedin.com/jobs/view/photographer-photo-studio-at-lensa-4269882856,"Jul 19, 2025вЂ”Lensa is a career site that helps job seekers find great jobs in the US. We are not a staffing firm or agency. Lensa does not hire directlyВ ..."
"Neon Canvas hiring Photographer in Memphis, TN",https://www.linkedin.com/jobs/view/photographer-at-neon-canvas-4268827646,"Jul 18, 2025вЂ”Job Title: Photographer. Location: Memphis, TN. Salary Range: $50,000вЂ“$60,000. Position Overview: We are seeking a skilled and imaginativeВ ..."
Bernadette DeCelle's Post,https://www.linkedin.com/posts/bernadette-decelle_to-my-dc-friends-who-may-need-a-photographer-activity-7158083543540056064-o7cz,"To my DC friends who mayneed a photographer, check out Frankie Garcia's work with my nephew John DeCelle. He was handsome before butВ ..."
"You dont need a photographer, just use AI. That was a viral ...",https://www.linkedin.com/posts/steffiandrews2021_you-dont-need-a-photographer-just-use-ai-activity-7292077282578345984-xomg,"You dontneed a photographer, just use AI. That was a viral post on Friday. A lawyer encouraged us all to save a few bucks and have fakeВ …"
Photographer/Videographer вЂ“ Outdoor Advertising,https://www.linkedin.com/jobs/view/photographer-videographer-%E2%80%93-outdoor-advertising-at-silvercast-media-4205492577,This is a full-time position (not freelance) that offers a unique opportunity to work on high-visibility outdoor advertising campaigns for major global brands.
